{
  "dataset": "eval/dataset.jsonl",
  "count": 45,
  "recall_at_5": 0.9333333333333333,
  "recall_at_10": 0.9333333333333333,
  "mrr": 0.8,
  "mean_top_vector_score": 0.7411342068888889,
  "mean_embed_ms": 1809.0666666666666,
  "mean_search_ms": 21.044444444444444,
  "mean_rerank_ms": 1102.9555555555555,
  "caption_recall_at_5": 0.4,
  "caption_recall_at_10": 0.4,
  "strict_caption_recall_at_5": 0.3333333333333333,
  "strict_caption_recall_at_10": 0.3333333333333333
}
